strain	species	ecotype
CBP-1645	atrophaeus	PE_A3
CBP-1670	atrophaeus	PE_A3
CBP-3061	atrophaeus	PE_A3
CBP-1652	atrophaeus	PE_A3
CBP-1660	atrophaeus	PE_A3
CBP-1662	atrophaeus	PE_A3
CBP-1663	atrophaeus	PE_A3
CBP-1664	atrophaeus	PE_A3
CBP-2086	atrophaeus	PE_A3
CBP-2091	atrophaeus	PE_A3
CBP-2094	atrophaeus	PE_A3
CBP-2095	atrophaeus	PE_A3
CBP-1752	atrophaeus	PE_A4
CBP-1690	atrophaeus	PE_A4
CBP-1747	atrophaeus	PE_A4
CBP-1760	atrophaeus	PE_A4
CBP-1777	atrophaeus	PE_A4
CBP-1776	atrophaeus	PE_A4
CBP-3058	atrophaeus	PE_A4
CBP-3062	atrophaeus	PE_A5
CBP-1669	atrophaeus	PE_A6
CBP-1671	atrophaeus	PE_A6
CBP-1672	atrophaeus	PE_A6
CBP-2099	atrophaeus	PE_A6
CBP-2098	atrophaeus	PE_A6
CBP-1724	atrophaeus	PE_A7
CBP-2062	atrophaeus	PE_A7
CBP-2065	atrophaeus	PE_A7
CBP-1642	atrophaeus	PE_A8
CBP-2071	atrophaeus	PE_A8
CBP-1649	atrophaeus	PE_A8
CBP-2068	atrophaeus	PE_A8
CBP-2067	atrophaeus	PE_A8
CBP-2063	atrophaeus	PE_A8
CBP-2066	atrophaeus	PE_A8
CBP-2064	atrophaeus	PE_A8
CBP-2069	atrophaeus	PE_A8
CBP-3065	atrophaeus	PE_A8
CBP-3064	atrophaeus	PE_A8
CBP-1682	atrophaeus	PE_A2
CBP-1687	atrophaeus	PE_A2
CBP-1688	atrophaeus	PE_A2
CBP-1729	atrophaeus	PE_A2
CBP-1730	atrophaeus	PE_A2
CBP-1732	atrophaeus	PE_A2
CBP-1733	atrophaeus	PE_A2
CBP-1734	atrophaeus	PE_A2
CBP-1737	atrophaeus	PE_A2
CBP-1738	atrophaeus	PE_A2
CBP-1739	atrophaeus	PE_A2
CBP-1740	atrophaeus	PE_A2
CBP-2100	atrophaeus	PE_A2
CBP-1731	atrophaeus	PE_A2
CBP-1742	atrophaeus	PE_A2
CBP-1689	atrophaeus	PE_A2
CBP-1746	atrophaeus	PE_A2
CBP-1741	atrophaeus	PE_A2
CBP-1762	atrophaeus	PE_A2
CBP-1772	atrophaeus	PE_A2
CBP-1774	atrophaeus	PE_A2
CBP-1767	atrophaeus	PE_A2
CBP-1768	atrophaeus	PE_A2
CBP-1769	atrophaeus	PE_A2
CBP-1770	atrophaeus	PE_A2
CBP-1773	atrophaeus	PE_A2
CBP-1801	atrophaeus	PE_A2
CBP-1796	atrophaeus	PE_A2
CBP-2075	atrophaeus	PE_A2
CBP-3049	atrophaeus	PE_A2
CBP-3054	atrophaeus	PE_A2
CBP-3055	atrophaeus	PE_A2
CBP-3053	atrophaeus	PE_A2
CBP-3060	atrophaeus	PE_A2
CBP-3057	atrophaeus	PE_A2
CBP-3059	atrophaeus	PE_A2
CBP-1684	atrophaeus	PE_A1
CBP-1691	atrophaeus	PE_A1
CBP-1692	atrophaeus	PE_A1
CBP-1771	atrophaeus	PE_A1
CBP-1790	atrophaeus	PE_A1
CBP-1791	atrophaeus	PE_A1
CBP-1792	atrophaeus	PE_A1
CBP-1795	atrophaeus	PE_A1
CBP-1800	atrophaeus	PE_A1
CBP-1786	atrophaeus	PE_A1
CBP-1797	atrophaeus	PE_A1
CBP-1803	atrophaeus	PE_A1
CBP-1789	atrophaeus	PE_A1
CBP-2462	atrophaeus	PE_A1
CBP-2465	atrophaeus	PE_A1
CBP-1646	atrophaeus	PE_A1
CBP-1678	atrophaeus	PE_A1
CBP-1681	atrophaeus	PE_A1
CBP-2101	atrophaeus	PE_A1
CBP-2102	atrophaeus	PE_A1
CBP-2329	atrophaeus	PE_A1
CBP-2330	atrophaeus	PE_A1
CBP-2331	atrophaeus	PE_A1
CBP-2384	atrophaeus	PE_A1
CBP-2387	atrophaeus	PE_A1
CBP-2554	atrophaeus	PE_A1
CBP-2555	atrophaeus	PE_A1
CBP-2556	atrophaeus	PE_A1
CBP-3063	atrophaeus	PE_A1
CBP-3051	atrophaeus	PE_A1
CBP-3056	atrophaeus	PE_A1
CBP-1650	atrophaeus	PE_A1
CBP-1655	atrophaeus	PE_A1
CBP-1651	atrophaeus	PE_A1
CBP-1657	atrophaeus	PE_A1
CBP-1661	atrophaeus	PE_A1
CBP-1665	atrophaeus	PE_A1
CBP-1666	atrophaeus	PE_A1
CBP-2087	atrophaeus	PE_A1
CBP-2088	atrophaeus	PE_A1
CBP-2089	atrophaeus	PE_A1
CBP-2090	atrophaeus	PE_A1
CBP-2092	atrophaeus	PE_A1
CBP-2093	atrophaeus	PE_A1
CBP-1658	atrophaeus	PE_A1
CBP-1668	atrophaeus	PE_A1
CBP-2096	atrophaeus	PE_A1
CBP-2097	atrophaeus	PE_A1
CBP-3068	inaquosorum	PE_I4
CBP-2449	inaquosorum	PE_I4
CBP-2379	inaquosorum	PE_I4
CBP-2532	inaquosorum	PE_I4
CBP-2500	inaquosorum	PE_I5
CBP-3092	inaquosorum	PE_I5
CBP-2272	inaquosorum	PE_I5
CBP-1725	inaquosorum	PE_I5
CBP-1727	inaquosorum	PE_I5
CBP-1806	inaquosorum	PE_I5
CBP-1808	inaquosorum	PE_I5
CBP-1809	inaquosorum	PE_I5
CBP-1810	inaquosorum	PE_I5
CBP-1899	inaquosorum	PE_I5
CBP-1900	inaquosorum	PE_I5
CBP-1881	inaquosorum	PE_I5
CBP-1883	inaquosorum	PE_I5
CBP-2454	inaquosorum	PE_I5
CBP-3074	inaquosorum	PE_I5
CBP-1851	inaquosorum	PE_I8
CBP-2493	inaquosorum	PE_I8
CBP-2457	inaquosorum	PE_I8
CBP-2397	inaquosorum	PE_I8
CBP-2300	inaquosorum	PE_I8
CBP-2323	inaquosorum	PE_I8
CBP-2320	inaquosorum	PE_I8
CBP-2358	inaquosorum	PE_I8
CBP-2370	inaquosorum	PE_I8
CBP-2466	inaquosorum	PE_I8
CBP-2467	inaquosorum	PE_I8
CBP-2468	inaquosorum	PE_I8
CBP-2481	inaquosorum	PE_I2
CBP-2290	inaquosorum	PE_I2
CBP-2385	inaquosorum	PE_I2
CBP-1807	inaquosorum	PE_I2
CBP-1726	inaquosorum	PE_I2
CBP-1915	inaquosorum	PE_I2
CBP-2400	inaquosorum	PE_I2
CBP-1918	inaquosorum	PE_I2
CBP-2265	inaquosorum	PE_I2
CBP-2301	inaquosorum	PE_I2
CBP-2302	inaquosorum	PE_I2
CBP-2371	inaquosorum	PE_I2
CBP-3073	inaquosorum	PE_I2
CBP-2429	inaquosorum	PE_I1
CBP-2386	inaquosorum	PE_I1
CBP-1713	inaquosorum	PE_I1
CBP-1714	inaquosorum	PE_I1
CBP-1715	inaquosorum	PE_I1
CBP-2160	inaquosorum	PE_I1
CBP-2161	inaquosorum	PE_I1
CBP-1914	inaquosorum	PE_I1
CBP-2398	inaquosorum	PE_I1
CBP-2252	inaquosorum	PE_I1
CBP-2197	inaquosorum	PE_I1
CBP-2225	inaquosorum	PE_I1
CBP-2226	inaquosorum	PE_I1
CBP-2227	inaquosorum	PE_I1
CBP-2228	inaquosorum	PE_I1
CBP-2229	inaquosorum	PE_I1
CBP-2230	inaquosorum	PE_I1
CBP-2231	inaquosorum	PE_I1
CBP-2233	inaquosorum	PE_I1
CBP-2254	inaquosorum	PE_I1
CBP-2255	inaquosorum	PE_I1
CBP-2256	inaquosorum	PE_I1
CBP-2257	inaquosorum	PE_I1
CBP-2259	inaquosorum	PE_I1
CBP-2260	inaquosorum	PE_I1
CBP-2258	inaquosorum	PE_I1
CBP-2332	inaquosorum	PE_I1
CBP-2443	inaquosorum	PE_I1
CBP-2442	inaquosorum	PE_I1
CBP-2482	inaquosorum	PE_I1
CBP-2516	inaquosorum	PE_I1
CBP-2510	inaquosorum	PE_I1
CBP-1641	inaquosorum	PE_I7
CBP-2194	inaquosorum	PE_I7
CBP-3098	inaquosorum	PE_I7
CBP-3099	inaquosorum	PE_I7
CBP-3091	inaquosorum	PE_I7
CBP-3041	inaquosorum	PE_I7
CBP-3066	inaquosorum	PE_I7
CBP-3084	inaquosorum	PE_I7
CBP-3085	inaquosorum	PE_I7
CBP-3086	inaquosorum	PE_I7
CBP-3087	inaquosorum	PE_I7
CBP-3030	inaquosorum	PE_I7
CBP-3083	inaquosorum	PE_I7
CBP-3070	inaquosorum	PE_I7
CBP-3081	inaquosorum	PE_I7
CBP-3071	inaquosorum	PE_I7
CBP-3088	inaquosorum	PE_I7
CBP-3090	inaquosorum	PE_I7
CBP-3093	inaquosorum	PE_I7
CBP-3094	inaquosorum	PE_I7
CBP-3095	inaquosorum	PE_I7
CBP-3096	inaquosorum	PE_I7
CBP-3097	inaquosorum	PE_I7
CBP-3089	inaquosorum	PE_I7
CBP-2294	inaquosorum	PE_I10
CBP-3039	inaquosorum	PE_I10
CBP-1708	inaquosorum	PE_I11
CBP-1709	inaquosorum	PE_I11
CBP-1710	inaquosorum	PE_I11
CBP-1711	inaquosorum	PE_I11
CBP-1716	inaquosorum	PE_I11
CBP-1719	inaquosorum	PE_I11
CBP-1720	inaquosorum	PE_I11
CBP-2396	inaquosorum	PE_I11
CBP-2072	inaquosorum	PE_I12
CBP-1880	inaquosorum	PE_I13
CBP-2267	inaquosorum	PE_I13
CBP-2453	inaquosorum	PE_I13
CBP-2268	inaquosorum	PE_I14
CBP-2186	inaquosorum	PE_I3
CBP-2264	inaquosorum	PE_I3
CBP-2319	inaquosorum	PE_I3
CBP-2372	inaquosorum	PE_I3
CBP-2534	inaquosorum	PE_I3
CBP-3075	inaquosorum	PE_I3
CBP-1721	inaquosorum	PE_I6
CBP-1722	inaquosorum	PE_I6
CBP-2073	inaquosorum	PE_I6
CBP-2074	inaquosorum	PE_I6
CBP-2078	inaquosorum	PE_I6
CBP-2079	inaquosorum	PE_I6
CBP-2082	inaquosorum	PE_I6
CBP-2083	inaquosorum	PE_I6
CBP-3076	inaquosorum	PE_I6
CBP-3078	inaquosorum	PE_I6
CBP-2380	inaquosorum	PE_I6
CBP-1728	inaquosorum	PE_I6
CBP-1921	inaquosorum	PE_I6
CBP-2355	inaquosorum	PE_I6
CBP-3077	inaquosorum	PE_I6
CBP-3080	inaquosorum	PE_I9
CBP-1815	inaquosorum	PE_I9
CBP-2394	inaquosorum	PE_I9
CBP-1824	inaquosorum	PE_I9
CBP-2393	inaquosorum	PE_I9
CBP-1825	inaquosorum	PE_I9
CBP-2333	inaquosorum	PE_I9
CBP-2483	inaquosorum	PE_I9
CBP-3072	inaquosorum	PE_I9
CBP-1647	spizizenii	PE_S1
CBP-1944	spizizenii	PE_S1
CBP-1989	spizizenii	PE_S1
CBP-2185	spizizenii	PE_S1
CBP-2262	spizizenii	PE_S1
CBP-2269	spizizenii	PE_S1
CBP-2287	spizizenii	PE_S1
CBP-2303	spizizenii	PE_S1
CBP-2310	spizizenii	PE_S1
CBP-1648	spizizenii	PE_S1
CBP-2324	spizizenii	PE_S1
CBP-2343	spizizenii	PE_S1
CBP-2348	spizizenii	PE_S1
CBP-2440	spizizenii	PE_S1
CBP-2456	spizizenii	PE_S1
CBP-2458	spizizenii	PE_S1
CBP-2499	spizizenii	PE_S1
CBP-2503	spizizenii	PE_S1
CBP-2507	spizizenii	PE_S1
CBP-3035	spizizenii	PE_S1
CBP-1723	spizizenii	PE_S1
CBP-1804	spizizenii	PE_S1
CBP-1838	spizizenii	PE_S1
CBP-1862	spizizenii	PE_S1
CBP-2237	spizizenii	PE_S1
CBP-2244	spizizenii	PE_S1
CBP-2243	spizizenii	PE_S1
CBP-2279	spizizenii	PE_S1
CBP-2280	spizizenii	PE_S1
CBP-2281	spizizenii	PE_S1
CBP-2285	spizizenii	PE_S1
CBP-2282	spizizenii	PE_S1
CBP-2286	spizizenii	PE_S1
CBP-2349	spizizenii	PE_S1
CBP-2473	spizizenii	PE_S1
CBP-2489	spizizenii	PE_S1
CBP-2490	spizizenii	PE_S1
CBP-2488	spizizenii	PE_S1
CBP-1814	spizizenii	PE_S1
CBP-1805	spizizenii	PE_S1
CBP-1910	spizizenii	PE_S1
CBP-1823	spizizenii	PE_S1
CBP-2392	spizizenii	PE_S1
CBP-2401	spizizenii	PE_S1
CBP-2195	spizizenii	PE_S1
CBP-2250	spizizenii	PE_S1
CBP-2251	spizizenii	PE_S1
CBP-2196	spizizenii	PE_S1
CBP-2295	spizizenii	PE_S1
CBP-2296	spizizenii	PE_S1
CBP-2366	spizizenii	PE_S1
CBP-2365	spizizenii	PE_S1
CBP-2376	spizizenii	PE_S1
CBP-2369	spizizenii	PE_S1
CBP-2367	spizizenii	PE_S1
CBP-2374	spizizenii	PE_S1
CBP-2435	spizizenii	PE_S1
CBP-2427	spizizenii	PE_S1
CBP-2436	spizizenii	PE_S1
CBP-2495	spizizenii	PE_S1
CBP-2528	spizizenii	PE_S1
CBP-2535	spizizenii	PE_S1
CBP-2531	spizizenii	PE_S1
CBP-2533	spizizenii	PE_S1
CBP-2526	spizizenii	PE_S1
CBP-3031	spizizenii	PE_S1
CBP-3032	spizizenii	PE_S1
CBP-1700	spizizenii	PE_S1
CBP-1701	spizizenii	PE_S1
CBP-1696	spizizenii	PE_S1
CBP-1697	spizizenii	PE_S1
CBP-1698	spizizenii	PE_S1
CBP-1699	spizizenii	PE_S1
CBP-1704	spizizenii	PE_S1
CBP-1705	spizizenii	PE_S1
CBP-1706	spizizenii	PE_S1
CBP-1844	spizizenii	PE_S1
CBP-2451	spizizenii	PE_S1
CBP-1843	spizizenii	PE_S1
CBP-2410	spizizenii	PE_S1
CBP-2406	spizizenii	PE_S1
CBP-2405	spizizenii	PE_S1
CBP-2409	spizizenii	PE_S1
CBP-2404	spizizenii	PE_S1
CBP-2412	spizizenii	PE_S1
CBP-1935	spizizenii	PE_S1
CBP-1933	spizizenii	PE_S1
CBP-1947	spizizenii	PE_S1
CBP-2423	spizizenii	PE_S1
CBP-1976	spizizenii	PE_S1
CBP-1975	spizizenii	PE_S1
CBP-1980	spizizenii	PE_S1
CBP-2425	spizizenii	PE_S1
CBP-2424	spizizenii	PE_S1
CBP-1987	spizizenii	PE_S1
CBP-1990	spizizenii	PE_S1
CBP-1992	spizizenii	PE_S1
CBP-1991	spizizenii	PE_S1
CBP-1961	spizizenii	PE_S2
CBP-1718	spizizenii	PE_S2
CBP-2541	spizizenii	PE_S2
CBP-3034	spizizenii	PE_S2
CBP-1848	spizizenii	PE_S2
CBP-1927	spizizenii	PE_S2
CBP-2213	spizizenii	PE_S2
CBP-2214	spizizenii	PE_S2
CBP-2219	spizizenii	PE_S2
CBP-2221	spizizenii	PE_S2
CBP-2223	spizizenii	PE_S2
CBP-2218	spizizenii	PE_S2
CBP-2217	spizizenii	PE_S2
CBP-2215	spizizenii	PE_S2
CBP-2278	spizizenii	PE_S2
CBP-2284	spizizenii	PE_S2
CBP-2283	spizizenii	PE_S2
CBP-2350	spizizenii	PE_S2
CBP-2469	spizizenii	PE_S2
CBP-2471	spizizenii	PE_S2
CBP-2470	spizizenii	PE_S2
CBP-2487	spizizenii	PE_S2
CBP-2551	spizizenii	PE_S2
CBP-2552	spizizenii	PE_S2
CBP-2553	spizizenii	PE_S2
CBP-2550	spizizenii	PE_S2
CBP-2381	spizizenii	PE_S2
CBP-2388	spizizenii	PE_S2
CBP-2389	spizizenii	PE_S2
CBP-2463	spizizenii	PE_S2
CBP-2464	spizizenii	PE_S2
CBP-1885	spizizenii	PE_S2
CBP-1887	spizizenii	PE_S2
CBP-1920	spizizenii	PE_S2
CBP-2193	spizizenii	PE_S2
CBP-2377	spizizenii	PE_S2
CBP-2433	spizizenii	PE_S2
CBP-2431	spizizenii	PE_S2
CBP-2434	spizizenii	PE_S2
CBP-2438	spizizenii	PE_S2
CBP-2494	spizizenii	PE_S2
CBP-2527	spizizenii	PE_S2
CBP-3079	spizizenii	PE_S2
CBP-3033	spizizenii	PE_S2
CBP-1702	spizizenii	PE_S2
CBP-1817	spizizenii	PE_S2
CBP-1923	spizizenii	PE_S2
CBP-1932	spizizenii	PE_S2
CBP-2408	spizizenii	PE_S2
CBP-1928	spizizenii	PE_S2
CBP-2403	spizizenii	PE_S2
CBP-1949	spizizenii	PE_S2
CBP-1948	spizizenii	PE_S2
CBP-1950	spizizenii	PE_S2
CBP-1965	spizizenii	PE_S2
CBP-2419	spizizenii	PE_S2
CBP-1978	spizizenii	PE_S2
CBP-2122	spizizenii	PE_S2
CBP-2134	spizizenii	PE_S2
CBP-2113	spizizenii	PE_S2
CBP-2115	spizizenii	PE_S2
CBP-2116	spizizenii	PE_S2
CBP-2117	spizizenii	PE_S2
CBP-2118	spizizenii	PE_S2
CBP-2119	spizizenii	PE_S2
CBP-2123	spizizenii	PE_S2
CBP-2124	spizizenii	PE_S2
CBP-2125	spizizenii	PE_S2
CBP-2126	spizizenii	PE_S2
CBP-2128	spizizenii	PE_S2
CBP-2133	spizizenii	PE_S2
CBP-2137	spizizenii	PE_S2
CBP-2142	spizizenii	PE_S2
CBP-2143	spizizenii	PE_S2
CBP-2147	spizizenii	PE_S2
CBP-2148	spizizenii	PE_S2
CBP-2153	spizizenii	PE_S2
CBP-2154	spizizenii	PE_S2
CBP-2121	spizizenii	PE_S2
CBP-2140	spizizenii	PE_S2
CBP-2130	spizizenii	PE_S2
CBP-2150	spizizenii	PE_S2
CBP-2127	spizizenii	PE_S2
CBP-2141	spizizenii	PE_S2
CBP-2136	spizizenii	PE_S2
CBP-2129	spizizenii	PE_S2
CBP-2138	spizizenii	PE_S2
CBP-2145	spizizenii	PE_S2
CBP-2155	spizizenii	PE_S2
CBP-2144	spizizenii	PE_S2
CBP-2131	spizizenii	PE_S2
CBP-2139	spizizenii	PE_S2
CBP-2163	spizizenii	PE_S2
CBP-2164	spizizenii	PE_S2
CBP-2165	spizizenii	PE_S2
CBP-2170	spizizenii	PE_S2
CBP-2171	spizizenii	PE_S2
CBP-2200	spizizenii	PE_S2
CBP-2202	spizizenii	PE_S2
CBP-2205	spizizenii	PE_S2
CBP-2203	spizizenii	PE_S2
CBP-2198	spizizenii	PE_S2
CBP-2263	spizizenii	PE_S3
CBP-2318	spizizenii	PE_S3
CBP-2336	spizizenii	PE_S3
CBP-1811	spizizenii	PE_S4
CBP-2311	spizizenii	PE_S5
CBP-2414	spizizenii	PE_S5
CBP-2114	spizizenii	PE_S5
CBP-2146	spizizenii	PE_S5
CBP-2149	spizizenii	PE_S5
CBP-2151	spizizenii	PE_S5
CBP-2135	spizizenii	PE_S5
